Key,Source,File,Field,ScreenName,ScreenWidth,ScreenHeight,OldTextureResolution,NewTextureResolution,Rule
SurvivalKit/SurvivalKitLargeReskin,Vanilla,C:\Program Files (x86)\Steam\steamapps\common\SpaceEngineers\Content\Data\CubeBlocks\CubeBlocks_ApexSurvivalPack.sbc,ScreenArea,CockpitScreen_01,"5","3",512,1024,LongAxis1024
SurvivalKit/SurvivalKitSmallReskin,Vanilla,C:\Program Files (x86)\Steam\steamapps\common\SpaceEngineers\Content\Data\CubeBlocks\CubeBlocks_ApexSurvivalPack.sbc,ScreenArea,CockpitScreen_01,"5","3",512,1024,LongAxis1024
MyProgrammableBlock/SmallProgrammableBlock,Vanilla,C:\Program Files (x86)\Steam\steamapps\common\SpaceEngineers\Content\Data\CubeBlocks\CubeBlocks_Automation.sbc,ScreenArea,CockpitScreen_01,"1","1",256,1024,LongAxis1024
MyProgrammableBlock/SmallProgrammableBlock,Vanilla,C:\Program Files (x86)\Steam\steamapps\common\SpaceEngineers\Content\Data\CubeBlocks\CubeBlocks_Automation.sbc,ScreenArea,CockpitScreen_02,"11","4",128,1024,LongAxis1024
MyProgrammableBlock/LargeProgrammableBlock,Vanilla,C:\Program Files (x86)\Steam\steamapps\common\SpaceEngineers\Content\Data\CubeBlocks\CubeBlocks_Automation.sbc,ScreenArea,CockpitScreen_02,"16","10",512,1024,LongAxis1024
MyProgrammableBlock/LargeProgrammableBlock,Vanilla,C:\Program Files (x86)\Steam\steamapps\common\SpaceEngineers\Content\Data\CubeBlocks\CubeBlocks_Automation.sbc,ScreenArea,CockpitScreen_01,"5","2",256,1024,LongAxis1024
TurretControlBlock/LargeTurretControlBlock,Vanilla,C:\Program Files (x86)\Steam\steamapps\common\SpaceEngineers\Content\Data\CubeBlocks\CubeBlocks_Automation.sbc,ScreenArea,CockpitScreen_01,"7","5",512,1024,LongAxis1024
TurretControlBlock/LargeTurretControlBlock,Vanilla,C:\Program Files (x86)\Steam\steamapps\common\SpaceEngineers\Content\Data\CubeBlocks\CubeBlocks_Automation.sbc,ScreenArea,CockpitScreen_02,"7","11",256,1024,LongAxis1024
TurretControlBlock/LargeTurretControlBlock,Vanilla,C:\Program Files (x86)\Steam\steamapps\common\SpaceEngineers\Content\Data\CubeBlocks\CubeBlocks_Automation.sbc,ScreenArea,CockpitScreen_03,"5","8",256,1024,LongAxis1024
TurretControlBlock/LargeTurretControlBlock,Vanilla,C:\Program Files (x86)\Steam\steamapps\common\SpaceEngineers\Content\Data\CubeBlocks\CubeBlocks_Automation.sbc,ScreenArea,CockpitScreen_04,"5","8",256,1024,LongAxis1024
TurretControlBlock/SmallTurretControlBlock,Vanilla,C:\Program Files (x86)\Steam\steamapps\common\SpaceEngineers\Content\Data\CubeBlocks\CubeBlocks_Automation.sbc,ScreenArea,CockpitScreen_01,"5","4",256,1024,LongAxis1024
Cockpit/LargeBlockModularBridgeCockpit,Vanilla,C:\Program Files (x86)\Steam\steamapps\common\SpaceEngineers\Content\Data\CubeBlocks\CubeBlocks_ContactPack.sbc,ScreenArea,CockpitScreen_01,"5","3",256,1024,LongAxis1024
Cockpit/LargeBlockModularBridgeCockpit,Vanilla,C:\Program Files (x86)\Steam\steamapps\common\SpaceEngineers\Content\Data\CubeBlocks\CubeBlocks_ContactPack.sbc,ScreenArea,CockpitScreen_02,"5","3",256,1024,LongAxis1024
ButtonPanel/LargeBlockModularBridgeButtonPanel,Vanilla,C:\Program Files (x86)\Steam\steamapps\common\SpaceEngineers\Content\Data\CubeBlocks\CubeBlocks_ContactPack.sbc,ScreenArea,CockpitScreen_01,"10","6",256,1024,LongAxis1024
Cockpit/LargeBlockCaptainDesk,Vanilla,C:\Program Files (x86)\Steam\steamapps\common\SpaceEngineers\Content\Data\CubeBlocks\CubeBlocks_ContactPack.sbc,ScreenArea,CockpitScreen_01,"13","9",512,1024,LongAxis1024
Jukebox/SmallBlockJukeboxReskin,Vanilla,C:\Program Files (x86)\Steam\steamapps\common\SpaceEngineers\Content\Data\CubeBlocks\CubeBlocks_ContactPack.sbc,ScreenArea,CockpitScreen_01,"3","2",256,1024,LongAxis1024
Cockpit/LargeBlockCockpit,Vanilla,C:\Program Files (x86)\Steam\steamapps\common\SpaceEngineers\Content\Data\CubeBlocks\CubeBlocks_Control.sbc,ScreenArea,CockpitScreen_01,"5","3",512,1024,LongAxis1024
Cockpit/LargeBlockCockpitSeat,Vanilla,C:\Program Files (x86)\Steam\steamapps\common\SpaceEngineers\Content\Data\CubeBlocks\CubeBlocks_Control.sbc,ScreenArea,CockpitScreen_01,"13","9",256,1024,LongAxis1024
Cockpit/LargeBlockCockpitSeat,Vanilla,C:\Program Files (x86)\Steam\steamapps\common\SpaceEngineers\Content\Data\CubeBlocks\CubeBlocks_Control.sbc,ScreenArea,CockpitScreen_02,"4","3",256,1024,LongAxis1024
Cockpit/LargeBlockCockpitSeat,Vanilla,C:\Program Files (x86)\Steam\steamapps\common\SpaceEngineers\Content\Data\CubeBlocks\CubeBlocks_Control.sbc,ScreenArea,CockpitScreen_03,"4","3",256,1024,LongAxis1024
Cockpit/LargeBlockCockpitSeat,Vanilla,C:\Program Files (x86)\Steam\steamapps\common\SpaceEngineers\Content\Data\CubeBlocks\CubeBlocks_Control.sbc,ScreenArea,CockpitScreen_04,"7","4",256,1024,LongAxis1024
Cockpit/LargeBlockCockpitSeat,Vanilla,C:\Program Files (x86)\Steam\steamapps\common\SpaceEngineers\Content\Data\CubeBlocks\CubeBlocks_Control.sbc,ScreenArea,CockpitScreen_05,"9","7",256,1024,LongAxis1024
Cockpit/LargeBlockCockpitSeat,Vanilla,C:\Program Files (x86)\Steam\steamapps\common\SpaceEngineers\Content\Data\CubeBlocks\CubeBlocks_Control.sbc,ScreenArea,CockpitScreen_06,"9","7",256,1024,LongAxis1024
Cockpit/SmallBlockCockpit,Vanilla,C:\Program Files (x86)\Steam\steamapps\common\SpaceEngineers\Content\Data\CubeBlocks\CubeBlocks_Control.sbc,ScreenArea,CockpitScreen_01,"1","1",256,1024,LongAxis1024
Cockpit/SmallBlockCockpit,Vanilla,C:\Program Files (x86)\Steam\steamapps\common\SpaceEngineers\Content\Data\CubeBlocks\CubeBlocks_Control.sbc,ScreenArea,CockpitScreen_02,"4","3",256,1024,LongAxis1024
Cockpit/SmallBlockCockpit,Vanilla,C:\Program Files (x86)\Steam\steamapps\common\SpaceEngineers\Content\Data\CubeBlocks\CubeBlocks_Control.sbc,ScreenArea,CockpitScreen_03,"4","3",256,1024,LongAxis1024
Cockpit/SmallBlockCockpit,Vanilla,C:\Program Files (x86)\Steam\steamapps\common\SpaceEngineers\Content\Data\CubeBlocks\CubeBlocks_Control.sbc,ScreenArea,CockpitScreen_04,"11","6",256,1024,LongAxis1024
Cockpit/DBSmallBlockFighterCockpit,Vanilla,C:\Program Files (x86)\Steam\steamapps\common\SpaceEngineers\Content\Data\CubeBlocks\CubeBlocks_Control.sbc,ScreenArea,CockpitScreen_01,"5","3",256,1024,LongAxis1024
Cockpit/DBSmallBlockFighterCockpit,Vanilla,C:\Program Files (x86)\Steam\steamapps\common\SpaceEngineers\Content\Data\CubeBlocks\CubeBlocks_Control.sbc,ScreenArea,CockpitScreen_02,"3","2",128,1024,LongAxis1024
Cockpit/DBSmallBlockFighterCockpit,Vanilla,C:\Program Files (x86)\Steam\steamapps\common\SpaceEngineers\Content\Data\CubeBlocks\CubeBlocks_Control.sbc,ScreenArea,CockpitScreen_03,"3","2",128,1024,LongAxis1024
Cockpit/DBSmallBlockFighterCockpit,Vanilla,C:\Program Files (x86)\Steam\steamapps\common\SpaceEngineers\Content\Data\CubeBlocks\CubeBlocks_Control.sbc,ScreenArea,CockpitScreen_04,"7","3",128,1024,LongAxis1024
Cockpit/DBSmallBlockFighterCockpit,Vanilla,C:\Program Files (x86)\Steam\steamapps\common\SpaceEngineers\Content\Data\CubeBlocks\CubeBlocks_Control.sbc,ScreenArea,CockpitScreen_05,"4","5",256,1024,LongAxis1024
Cockpit/DBSmallBlockFighterCockpit,Vanilla,C:\Program Files (x86)\Steam\steamapps\common\SpaceEngineers\Content\Data\CubeBlocks\CubeBlocks_Control.sbc,ScreenArea,CockpitScreen_06,"4","5",128,1024,LongAxis1024
Cockpit/CockpitOpen,Vanilla,C:\Program Files (x86)\Steam\steamapps\common\SpaceEngineers\Content\Data\CubeBlocks\CubeBlocks_Control.sbc,ScreenArea,CockpitScreen_01,"9","2",128,1024,LongAxis1024
Cockpit/RoverCockpit,Vanilla,C:\Program Files (x86)\Steam\steamapps\common\SpaceEngineers\Content\Data\CubeBlocks\CubeBlocks_Control.sbc,ScreenArea,CockpitScreen_01,"5","3",256,1024,LongAxis1024
Cockpit/RoverCockpit,Vanilla,C:\Program Files (x86)\Steam\steamapps\common\SpaceEngineers\Content\Data\CubeBlocks\CubeBlocks_Control.sbc,ScreenArea,CockpitScreen_02,"5","3",256,1024,LongAxis1024
Cockpit/RoverCockpit,Vanilla,C:\Program Files (x86)\Steam\steamapps\common\SpaceEngineers\Content\Data\CubeBlocks\CubeBlocks_Control.sbc,ScreenArea,CockpitScreen_03,"5","3",256,1024,LongAxis1024
Cockpit/RoverCockpit,Vanilla,C:\Program Files (x86)\Steam\steamapps\common\SpaceEngineers\Content\Data\CubeBlocks\CubeBlocks_Control.sbc,ScreenArea,CockpitScreen_04,"4","3",256,1024,LongAxis1024
Cockpit/RoverCockpit,Vanilla,C:\Program Files (x86)\Steam\steamapps\common\SpaceEngineers\Content\Data\CubeBlocks\CubeBlocks_Control.sbc,ScreenArea,CockpitScreen_05,"4","3",256,1024,LongAxis1024
Cockpit/OpenCockpitSmall,Vanilla,C:\Program Files (x86)\Steam\steamapps\common\SpaceEngineers\Content\Data\CubeBlocks\CubeBlocks_Control.sbc,ScreenArea,CockpitScreen_01,"5","3",512,1024,LongAxis1024
Cockpit/OpenCockpitLarge,Vanilla,C:\Program Files (x86)\Steam\steamapps\common\SpaceEngineers\Content\Data\CubeBlocks\CubeBlocks_Control.sbc,ScreenArea,CockpitScreen_01,"5","3",512,1024,LongAxis1024
Cockpit/OpenCockpitLarge,Vanilla,C:\Program Files (x86)\Steam\steamapps\common\SpaceEngineers\Content\Data\CubeBlocks\CubeBlocks_Control.sbc,ScreenArea,CockpitScreen_02,"3","2",256,1024,LongAxis1024
Cockpit/OpenCockpitLarge,Vanilla,C:\Program Files (x86)\Steam\steamapps\common\SpaceEngineers\Content\Data\CubeBlocks\CubeBlocks_Control.sbc,ScreenArea,CockpitScreen_03,"3","2",256,1024,LongAxis1024
Cockpit/OpenCockpitLarge,Vanilla,C:\Program Files (x86)\Steam\steamapps\common\SpaceEngineers\Content\Data\CubeBlocks\CubeBlocks_Control.sbc,ScreenArea,CockpitScreen_04,"3","4",256,1024,LongAxis1024
Cockpit/OpenCockpitLarge,Vanilla,C:\Program Files (x86)\Steam\steamapps\common\SpaceEngineers\Content\Data\CubeBlocks\CubeBlocks_Control.sbc,ScreenArea,CockpitScreen_05,"4","3",256,1024,LongAxis1024
Cockpit/SmallBlockFlushCockpit,Vanilla,C:\Program Files (x86)\Steam\steamapps\common\SpaceEngineers\Content\Data\CubeBlocks\CubeBlocks_Control.sbc,ScreenArea,CockpitScreen_01,"4","3",256,1024,LongAxis1024
Cockpit/SmallBlockFlushCockpit,Vanilla,C:\Program Files (x86)\Steam\steamapps\common\SpaceEngineers\Content\Data\CubeBlocks\CubeBlocks_Control.sbc,ScreenArea,CockpitScreen_02,"4","5",256,1024,LongAxis1024
Cockpit/LargeBlockSuspendedControlSeat,Vanilla,C:\Program Files (x86)\Steam\steamapps\common\SpaceEngineers\Content\Data\CubeBlocks\CubeBlocks_CoreSystemsPack.sbc,ScreenArea,TransparentScreenArea90,"7","3",512,1024,LongAxis1024
Cockpit/SmallBlockSuspendedControlSeat,Vanilla,C:\Program Files (x86)\Steam\steamapps\common\SpaceEngineers\Content\Data\CubeBlocks\CubeBlocks_CoreSystemsPack.sbc,ScreenArea,TransparentScreenArea90,"2","1",512,1024,LongAxis1024
Projector/LargeBlockConsole,Vanilla,C:\Program Files (x86)\Steam\steamapps\common\SpaceEngineers\Content\Data\CubeBlocks\CubeBlocks_DecorativePack.sbc,ScreenArea,CockpitScreen_01,"1","1",512,1024,LongAxis1024
Projector/LargeBlockConsole,Vanilla,C:\Program Files (x86)\Steam\steamapps\common\SpaceEngineers\Content\Data\CubeBlocks\CubeBlocks_DecorativePack.sbc,ScreenArea,CockpitScreen_02,"16","11",256,1024,LongAxis1024
Projector/LargeBlockConsole,Vanilla,C:\Program Files (x86)\Steam\steamapps\common\SpaceEngineers\Content\Data\CubeBlocks\CubeBlocks_DecorativePack.sbc,ScreenArea,CockpitScreen_03,"4","6",128,1024,LongAxis1024
Projector/LargeBlockConsole,Vanilla,C:\Program Files (x86)\Steam\steamapps\common\SpaceEngineers\Content\Data\CubeBlocks\CubeBlocks_DecorativePack.sbc,ScreenArea,CockpitScreen_04,"2","1",128,1024,LongAxis1024
Cockpit/SmallBlockCockpitIndustrial,Vanilla,C:\Program Files (x86)\Steam\steamapps\common\SpaceEngineers\Content\Data\CubeBlocks\CubeBlocks_DecorativePack.sbc,ScreenArea,CockpitScreen_01,"7","5",256,1024,LongAxis1024
Cockpit/SmallBlockCockpitIndustrial,Vanilla,C:\Program Files (x86)\Steam\steamapps\common\SpaceEngineers\Content\Data\CubeBlocks\CubeBlocks_DecorativePack.sbc,ScreenArea,CockpitScreen_02,"3","2",256,1024,LongAxis1024
Cockpit/SmallBlockCockpitIndustrial,Vanilla,C:\Program Files (x86)\Steam\steamapps\common\SpaceEngineers\Content\Data\CubeBlocks\CubeBlocks_DecorativePack.sbc,ScreenArea,CockpitScreen_03,"7","5",256,1024,LongAxis1024
Cockpit/SmallBlockCockpitIndustrial,Vanilla,C:\Program Files (x86)\Steam\steamapps\common\SpaceEngineers\Content\Data\CubeBlocks\CubeBlocks_DecorativePack.sbc,ScreenArea,CockpitScreen_04,"2","1",128,1024,LongAxis1024
Cockpit/LargeBlockCockpitIndustrial,Vanilla,C:\Program Files (x86)\Steam\steamapps\common\SpaceEngineers\Content\Data\CubeBlocks\CubeBlocks_DecorativePack.sbc,ScreenArea,CockpitScreen_01,"5","3",256,1024,LongAxis1024
Cockpit/LargeBlockCockpitIndustrial,Vanilla,C:\Program Files (x86)\Steam\steamapps\common\SpaceEngineers\Content\Data\CubeBlocks\CubeBlocks_DecorativePack.sbc,ScreenArea,CockpitScreen_02,"10","7",256,1024,LongAxis1024
Cockpit/LargeBlockCockpitIndustrial,Vanilla,C:\Program Files (x86)\Steam\steamapps\common\SpaceEngineers\Content\Data\CubeBlocks\CubeBlocks_DecorativePack.sbc,ScreenArea,CockpitScreen_03,"10","7",256,1024,LongAxis1024
Cockpit/LargeBlockCockpitIndustrial,Vanilla,C:\Program Files (x86)\Steam\steamapps\common\SpaceEngineers\Content\Data\CubeBlocks\CubeBlocks_DecorativePack.sbc,ScreenArea,CockpitScreen_04,"5","3",256,1024,LongAxis1024
Cockpit/LargeBlockCockpitIndustrial,Vanilla,C:\Program Files (x86)\Steam\steamapps\common\SpaceEngineers\Content\Data\CubeBlocks\CubeBlocks_DecorativePack.sbc,ScreenArea,CockpitScreen_05,"5","3",256,1024,LongAxis1024
LCDPanelsBlock/LabEquipment,Vanilla,C:\Program Files (x86)\Steam\steamapps\common\SpaceEngineers\Content\Data\CubeBlocks\CubeBlocks_DecorativePack2.sbc,ScreenArea,CockpitScreen_01,"9","9",512,1024,LongAxis1024
LCDPanelsBlock/LabEquipment,Vanilla,C:\Program Files (x86)\Steam\steamapps\common\SpaceEngineers\Content\Data\CubeBlocks\CubeBlocks_DecorativePack2.sbc,ScreenArea,CockpitScreen_02,"7","4",256,1024,LongAxis1024
LCDPanelsBlock/MedicalStation,Vanilla,C:\Program Files (x86)\Steam\steamapps\common\SpaceEngineers\Content\Data\CubeBlocks\CubeBlocks_DecorativePack2.sbc,ScreenArea,CockpitScreen_01,"15","9",512,1024,LongAxis1024
LCDPanelsBlock/MedicalStation,Vanilla,C:\Program Files (x86)\Steam\steamapps\common\SpaceEngineers\Content\Data\CubeBlocks\CubeBlocks_DecorativePack2.sbc,ScreenArea,CockpitScreen_02,"15","9",512,1024,LongAxis1024
TextPanel/TransparentLCDLarge,Vanilla,C:\Program Files (x86)\Steam\steamapps\common\SpaceEngineers\Content\Data\CubeBlocks\CubeBlocks_DecorativePack2.sbc,ScreenArea,TransparentScreenArea,"1","1",512,1024,LongAxis1024
TextPanel/TransparentLCDLarge,Vanilla,C:\Program Files (x86)\Steam\steamapps\common\SpaceEngineers\Content\Data\CubeBlocks\CubeBlocks_DecorativePack2.sbc,ScreenArea,TransparentScreenArea90,"1","1",512,1024,LongAxis1024
TextPanel/TransparentLCDLarge,Vanilla,C:\Program Files (x86)\Steam\steamapps\common\SpaceEngineers\Content\Data\CubeBlocks\CubeBlocks_DecorativePack2.sbc,ScreenArea,TransparentScreenArea180,"1","1",512,1024,LongAxis1024
TextPanel/TransparentLCDLarge,Vanilla,C:\Program Files (x86)\Steam\steamapps\common\SpaceEngineers\Content\Data\CubeBlocks\CubeBlocks_DecorativePack2.sbc,ScreenArea,TransparentScreenArea270,"1","1",512,1024,LongAxis1024
TextPanel/TransparentLCDSmall,Vanilla,C:\Program Files (x86)\Steam\steamapps\common\SpaceEngineers\Content\Data\CubeBlocks\CubeBlocks_DecorativePack2.sbc,ScreenArea,TransparentScreenArea,"1","1",512,1024,LongAxis1024
TextPanel/TransparentLCDSmall,Vanilla,C:\Program Files (x86)\Steam\steamapps\common\SpaceEngineers\Content\Data\CubeBlocks\CubeBlocks_DecorativePack2.sbc,ScreenArea,TransparentScreenArea90,"1","1",512,1024,LongAxis1024
TextPanel/TransparentLCDSmall,Vanilla,C:\Program Files (x86)\Steam\steamapps\common\SpaceEngineers\Content\Data\CubeBlocks\CubeBlocks_DecorativePack2.sbc,ScreenArea,TransparentScreenArea180,"1","1",512,1024,LongAxis1024
TextPanel/TransparentLCDSmall,Vanilla,C:\Program Files (x86)\Steam\steamapps\common\SpaceEngineers\Content\Data\CubeBlocks\CubeBlocks_DecorativePack2.sbc,ScreenArea,TransparentScreenArea270,"1","1",512,1024,LongAxis1024
Cockpit/SmallBlockCapCockpit,Vanilla,C:\Program Files (x86)\Steam\steamapps\common\SpaceEngineers\Content\Data\CubeBlocks\CubeBlocks_DecorativePack3.sbc,ScreenArea,CockpitScreen_01,"3","1",128,1024,LongAxis1024
Cockpit/SmallBlockCapCockpit,Vanilla,C:\Program Files (x86)\Steam\steamapps\common\SpaceEngineers\Content\Data\CubeBlocks\CubeBlocks_DecorativePack3.sbc,ScreenArea,CockpitScreen_02,"6","5",256,1024,LongAxis1024
Cockpit/SmallBlockCapCockpit,Vanilla,C:\Program Files (x86)\Steam\steamapps\common\SpaceEngineers\Content\Data\CubeBlocks\CubeBlocks_DecorativePack3.sbc,ScreenArea,CockpitScreen_03,"2","1",256,1024,LongAxis1024
Cockpit/SmallBlockCapCockpit,Vanilla,C:\Program Files (x86)\Steam\steamapps\common\SpaceEngineers\Content\Data\CubeBlocks\CubeBlocks_DecorativePack3.sbc,ScreenArea,CockpitScreen_04,"6","5",256,1024,LongAxis1024
TextPanel/HoloLCDLarge,Vanilla,C:\Program Files (x86)\Steam\steamapps\common\SpaceEngineers\Content\Data\CubeBlocks\CubeBlocks_DecorativePack3.sbc,ScreenArea,TransparentScreenArea,"1","1",512,1024,LongAxis1024
TextPanel/HoloLCDLarge,Vanilla,C:\Program Files (x86)\Steam\steamapps\common\SpaceEngineers\Content\Data\CubeBlocks\CubeBlocks_DecorativePack3.sbc,ScreenArea,TransparentScreenArea90,"1","1",512,1024,LongAxis1024
TextPanel/HoloLCDLarge,Vanilla,C:\Program Files (x86)\Steam\steamapps\common\SpaceEngineers\Content\Data\CubeBlocks\CubeBlocks_DecorativePack3.sbc,ScreenArea,TransparentScreenArea180,"1","1",512,1024,LongAxis1024
TextPanel/HoloLCDLarge,Vanilla,C:\Program Files (x86)\Steam\steamapps\common\SpaceEngineers\Content\Data\CubeBlocks\CubeBlocks_DecorativePack3.sbc,ScreenArea,TransparentScreenArea270,"1","1",512,1024,LongAxis1024
TextPanel/HoloLCDSmall,Vanilla,C:\Program Files (x86)\Steam\steamapps\common\SpaceEngineers\Content\Data\CubeBlocks\CubeBlocks_DecorativePack3.sbc,ScreenArea,TransparentScreenArea,"1","1",512,1024,LongAxis1024
TextPanel/HoloLCDSmall,Vanilla,C:\Program Files (x86)\Steam\steamapps\common\SpaceEngineers\Content\Data\CubeBlocks\CubeBlocks_DecorativePack3.sbc,ScreenArea,TransparentScreenArea90,"1","1",512,1024,LongAxis1024
TextPanel/HoloLCDSmall,Vanilla,C:\Program Files (x86)\Steam\steamapps\common\SpaceEngineers\Content\Data\CubeBlocks\CubeBlocks_DecorativePack3.sbc,ScreenArea,TransparentScreenArea180,"1","1",512,1024,LongAxis1024
TextPanel/HoloLCDSmall,Vanilla,C:\Program Files (x86)\Steam\steamapps\common\SpaceEngineers\Content\Data\CubeBlocks\CubeBlocks_DecorativePack3.sbc,ScreenArea,TransparentScreenArea270,"1","1",512,1024,LongAxis1024
MedicalRoom/LargeMedicalRoomReskin,Vanilla,C:\Program Files (x86)\Steam\steamapps\common\SpaceEngineers\Content\Data\CubeBlocks\CubeBlocks_DecorativePack3.sbc,ScreenArea,CockpitScreen_01,"5","3",256,1024,LongAxis1024
TextPanel/LargeFullBlockLCDPanel,Vanilla,C:\Program Files (x86)\Steam\steamapps\common\SpaceEngineers\Content\Data\CubeBlocks\CubeBlocks_DecorativePack3.sbc,ScreenArea,ScreenArea,"1","1",512,1024,LongAxis1024
TextPanel/LargeFullBlockLCDPanel,Vanilla,C:\Program Files (x86)\Steam\steamapps\common\SpaceEngineers\Content\Data\CubeBlocks\CubeBlocks_DecorativePack3.sbc,ScreenArea,ScreenArea90,"1","1",512,1024,LongAxis1024
TextPanel/LargeFullBlockLCDPanel,Vanilla,C:\Program Files (x86)\Steam\steamapps\common\SpaceEngineers\Content\Data\CubeBlocks\CubeBlocks_DecorativePack3.sbc,ScreenArea,ScreenArea180,"1","1",512,1024,LongAxis1024
TextPanel/LargeFullBlockLCDPanel,Vanilla,C:\Program Files (x86)\Steam\steamapps\common\SpaceEngineers\Content\Data\CubeBlocks\CubeBlocks_DecorativePack3.sbc,ScreenArea,ScreenArea270,"1","1",512,1024,LongAxis1024
TextPanel/SmallFullBlockLCDPanel,Vanilla,C:\Program Files (x86)\Steam\steamapps\common\SpaceEngineers\Content\Data\CubeBlocks\CubeBlocks_DecorativePack3.sbc,ScreenArea,ScreenArea,"1","1",512,1024,LongAxis1024
TextPanel/SmallFullBlockLCDPanel,Vanilla,C:\Program Files (x86)\Steam\steamapps\common\SpaceEngineers\Content\Data\CubeBlocks\CubeBlocks_DecorativePack3.sbc,ScreenArea,ScreenArea90,"1","1",512,1024,LongAxis1024
TextPanel/SmallFullBlockLCDPanel,Vanilla,C:\Program Files (x86)\Steam\steamapps\common\SpaceEngineers\Content\Data\CubeBlocks\CubeBlocks_DecorativePack3.sbc,ScreenArea,ScreenArea180,"1","1",512,1024,LongAxis1024
TextPanel/SmallFullBlockLCDPanel,Vanilla,C:\Program Files (x86)\Steam\steamapps\common\SpaceEngineers\Content\Data\CubeBlocks\CubeBlocks_DecorativePack3.sbc,ScreenArea,ScreenArea270,"1","1",512,1024,LongAxis1024
TextPanel/LargeDiagonalLCDPanel,Vanilla,C:\Program Files (x86)\Steam\steamapps\common\SpaceEngineers\Content\Data\CubeBlocks\CubeBlocks_DecorativePack3.sbc,ScreenArea,ScreenArea,"1414","1000",512,1,LongAxis1024
TextPanel/LargeDiagonalLCDPanel,Vanilla,C:\Program Files (x86)\Steam\steamapps\common\SpaceEngineers\Content\Data\CubeBlocks\CubeBlocks_DecorativePack3.sbc,ScreenArea,ScreenArea90,"1000","1414",512,1,LongAxis1024
TextPanel/LargeDiagonalLCDPanel,Vanilla,C:\Program Files (x86)\Steam\steamapps\common\SpaceEngineers\Content\Data\CubeBlocks\CubeBlocks_DecorativePack3.sbc,ScreenArea,ScreenArea180,"1414","1000",512,1,LongAxis1024
TextPanel/LargeDiagonalLCDPanel,Vanilla,C:\Program Files (x86)\Steam\steamapps\common\SpaceEngineers\Content\Data\CubeBlocks\CubeBlocks_DecorativePack3.sbc,ScreenArea,ScreenArea270,"1000","1414",512,1,LongAxis1024
TextPanel/SmallDiagonalLCDPanel,Vanilla,C:\Program Files (x86)\Steam\steamapps\common\SpaceEngineers\Content\Data\CubeBlocks\CubeBlocks_DecorativePack3.sbc,ScreenArea,ScreenArea,"1414","1000",512,1,LongAxis1024
TextPanel/SmallDiagonalLCDPanel,Vanilla,C:\Program Files (x86)\Steam\steamapps\common\SpaceEngineers\Content\Data\CubeBlocks\CubeBlocks_DecorativePack3.sbc,ScreenArea,ScreenArea90,"1000","1414",512,1,LongAxis1024
TextPanel/SmallDiagonalLCDPanel,Vanilla,C:\Program Files (x86)\Steam\steamapps\common\SpaceEngineers\Content\Data\CubeBlocks\CubeBlocks_DecorativePack3.sbc,ScreenArea,ScreenArea180,"1414","1000",512,1,LongAxis1024
TextPanel/SmallDiagonalLCDPanel,Vanilla,C:\Program Files (x86)\Steam\steamapps\common\SpaceEngineers\Content\Data\CubeBlocks\CubeBlocks_DecorativePack3.sbc,ScreenArea,ScreenArea270,"1000","1414",512,1,LongAxis1024
TextPanel/LargeCurvedLCDPanel,Vanilla,C:\Program Files (x86)\Steam\steamapps\common\SpaceEngineers\Content\Data\CubeBlocks\CubeBlocks_DecorativePack3.sbc,ScreenArea,ScreenArea,"5","3",512,205,LongAxis1024
TextPanel/LargeCurvedLCDPanel,Vanilla,C:\Program Files (x86)\Steam\steamapps\common\SpaceEngineers\Content\Data\CubeBlocks\CubeBlocks_DecorativePack3.sbc,ScreenArea,ScreenArea90,"3","5",512,205,LongAxis1024
TextPanel/LargeCurvedLCDPanel,Vanilla,C:\Program Files (x86)\Steam\steamapps\common\SpaceEngineers\Content\Data\CubeBlocks\CubeBlocks_DecorativePack3.sbc,ScreenArea,ScreenArea180,"5","3",512,205,LongAxis1024
TextPanel/LargeCurvedLCDPanel,Vanilla,C:\Program Files (x86)\Steam\steamapps\common\SpaceEngineers\Content\Data\CubeBlocks\CubeBlocks_DecorativePack3.sbc,ScreenArea,ScreenArea270,"3","5",512,205,LongAxis1024
TextPanel/SmallCurvedLCDPanel,Vanilla,C:\Program Files (x86)\Steam\steamapps\common\SpaceEngineers\Content\Data\CubeBlocks\CubeBlocks_DecorativePack3.sbc,ScreenArea,ScreenArea,"5","3",512,205,LongAxis1024
TextPanel/SmallCurvedLCDPanel,Vanilla,C:\Program Files (x86)\Steam\steamapps\common\SpaceEngineers\Content\Data\CubeBlocks\CubeBlocks_DecorativePack3.sbc,ScreenArea,ScreenArea90,"3","5",512,205,LongAxis1024
TextPanel/SmallCurvedLCDPanel,Vanilla,C:\Program Files (x86)\Steam\steamapps\common\SpaceEngineers\Content\Data\CubeBlocks\CubeBlocks_DecorativePack3.sbc,ScreenArea,ScreenArea180,"5","3",512,205,LongAxis1024
TextPanel/SmallCurvedLCDPanel,Vanilla,C:\Program Files (x86)\Steam\steamapps\common\SpaceEngineers\Content\Data\CubeBlocks\CubeBlocks_DecorativePack3.sbc,ScreenArea,ScreenArea270,"3","5",512,205,LongAxis1024
ButtonPanel/LargeBlockInsetButtonPanel,Vanilla,C:\Program Files (x86)\Steam\steamapps\common\SpaceEngineers\Content\Data\CubeBlocks\CubeBlocks_DecorativePack3.sbc,ScreenArea,CockpitScreen_01,"4","3",256,1024,LongAxis1024
ButtonPanel/LargeBlockInsetButtonPanel,Vanilla,C:\Program Files (x86)\Steam\steamapps\common\SpaceEngineers\Content\Data\CubeBlocks\CubeBlocks_DecorativePack3.sbc,ScreenArea,CockpitScreen_02,"4","3",256,1024,LongAxis1024
ButtonPanel/LargeBlockInsetButtonPanel,Vanilla,C:\Program Files (x86)\Steam\steamapps\common\SpaceEngineers\Content\Data\CubeBlocks\CubeBlocks_DecorativePack3.sbc,ScreenArea,CockpitScreen_03,"4","3",256,1024,LongAxis1024
StoreBlock/StoreBlock,Vanilla,C:\Program Files (x86)\Steam\steamapps\common\SpaceEngineers\Content\Data\CubeBlocks\CubeBlocks_Economy.sbc,ScreenArea,StoreScreen_01,"16","10",512,1024,LongAxis1024
StoreBlock/StoreBlock,Vanilla,C:\Program Files (x86)\Steam\steamapps\common\SpaceEngineers\Content\Data\CubeBlocks\CubeBlocks_Economy.sbc,ScreenArea,StoreScreen_02,"5","2",256,1024,LongAxis1024
SafeZoneBlock/SafeZoneBlock,Vanilla,C:\Program Files (x86)\Steam\steamapps\common\SpaceEngineers\Content\Data\CubeBlocks\CubeBlocks_Economy.sbc,ScreenArea,CockpitScreen_01,"16","10",512,1024,LongAxis1024
SafeZoneBlock/SafeZoneBlock,Vanilla,C:\Program Files (x86)\Steam\steamapps\common\SpaceEngineers\Content\Data\CubeBlocks\CubeBlocks_Economy.sbc,ScreenArea,CockpitScreen_02,"5","2",256,1024,LongAxis1024
ContractBlock/ContractBlock,Vanilla,C:\Program Files (x86)\Steam\steamapps\common\SpaceEngineers\Content\Data\CubeBlocks\CubeBlocks_Economy.sbc,ScreenArea,ContractsScreen_01,"16","10",512,1024,LongAxis1024
ContractBlock/ContractBlock,Vanilla,C:\Program Files (x86)\Steam\steamapps\common\SpaceEngineers\Content\Data\CubeBlocks\CubeBlocks_Economy.sbc,ScreenArea,ContractsScreen_02,"5","2",256,1024,LongAxis1024
FunctionalBlock/ServicesTerminal,Vanilla,C:\Program Files (x86)\Steam\steamapps\common\SpaceEngineers\Content\Data\CubeBlocks\CubeBlocks_Economy.sbc,ScreenArea,CockpitScreen_01,"10","16",512,1024,LongAxis1024
VendingMachine/VendingMachine,Vanilla,C:\Program Files (x86)\Steam\steamapps\common\SpaceEngineers\Content\Data\CubeBlocks\CubeBlocks_EconomyDeluxe.sbc,ScreenArea,VendingScreen_01,"15","9",1024,1024,LongAxis1024
VendingMachine/VendingMachine,Vanilla,C:\Program Files (x86)\Steam\steamapps\common\SpaceEngineers\Content\Data\CubeBlocks\CubeBlocks_EconomyDeluxe.sbc,ScreenArea,VendingScreen_02,"11","4",128,1024,LongAxis1024
StoreBlock/AtmBlock,Vanilla,C:\Program Files (x86)\Steam\steamapps\common\SpaceEngineers\Content\Data\CubeBlocks\CubeBlocks_EconomyDeluxe.sbc,ScreenArea,ATM_Screen,"16","10",512,1024,LongAxis1024
StoreBlock/AtmBlock,Vanilla,C:\Program Files (x86)\Steam\steamapps\common\SpaceEngineers\Content\Data\CubeBlocks\CubeBlocks_EconomyDeluxe.sbc,ScreenArea,ATM_Keyboard,"5","2",256,1024,LongAxis1024
StoreBlock/AtmBlock,Vanilla,C:\Program Files (x86)\Steam\steamapps\common\SpaceEngineers\Content\Data\CubeBlocks\CubeBlocks_EconomyDeluxe.sbc,ScreenArea,ATM_Numpad,"4","5",128,1024,LongAxis1024
Cockpit/LargeBlockLabDeskSeat,Vanilla,C:\Program Files (x86)\Steam\steamapps\common\SpaceEngineers\Content\Data\CubeBlocks\CubeBlocks_Fieldwork.sbc,ScreenArea,CockpitScreen_01,"13","9",512,1024,LongAxis1024
LCDPanelsBlock/LargeBlockLabDeskMicroscope,Vanilla,C:\Program Files (x86)\Steam\steamapps\common\SpaceEngineers\Content\Data\CubeBlocks\CubeBlocks_Fieldwork.sbc,ScreenArea,CockpitScreen_01,"13","9",512,1024,LongAxis1024
MyProgrammableBlock/LargeProgrammableBlockReskin,Vanilla,C:\Program Files (x86)\Steam\steamapps\common\SpaceEngineers\Content\Data\CubeBlocks\CubeBlocks_GridAIPack.sbc,ScreenArea,CockpitScreen_01,"4","5",512,1024,LongAxis1024
MyProgrammableBlock/LargeProgrammableBlockReskin,Vanilla,C:\Program Files (x86)\Steam\steamapps\common\SpaceEngineers\Content\Data\CubeBlocks\CubeBlocks_GridAIPack.sbc,ScreenArea,CockpitScreen_02,"5","3",256,1024,LongAxis1024
MyProgrammableBlock/SmallProgrammableBlockReskin,Vanilla,C:\Program Files (x86)\Steam\steamapps\common\SpaceEngineers\Content\Data\CubeBlocks\CubeBlocks_GridAIPack.sbc,ScreenArea,CockpitScreen_01,"10","7",256,1024,LongAxis1024
MyProgrammableBlock/SmallProgrammableBlockReskin,Vanilla,C:\Program Files (x86)\Steam\steamapps\common\SpaceEngineers\Content\Data\CubeBlocks\CubeBlocks_GridAIPack.sbc,ScreenArea,CockpitScreen_02,"11","4",128,1024,LongAxis1024
Cockpit/SpeederCockpit,Vanilla,C:\Program Files (x86)\Steam\steamapps\common\SpaceEngineers\Content\Data\CubeBlocks\CubeBlocks_GridAIPack.sbc,ScreenArea,CockpitScreen_01,"5","3",256,1024,LongAxis1024
Cockpit/SpeederCockpit,Vanilla,C:\Program Files (x86)\Steam\steamapps\common\SpaceEngineers\Content\Data\CubeBlocks\CubeBlocks_GridAIPack.sbc,ScreenArea,CockpitScreen_02,"4","2",256,1024,LongAxis1024
Cockpit/SpeederCockpitCompact,Vanilla,C:\Program Files (x86)\Steam\steamapps\common\SpaceEngineers\Content\Data\CubeBlocks\CubeBlocks_GridAIPack.sbc,ScreenArea,CockpitScreen_01,"5","3",256,1024,LongAxis1024
Cockpit/SpeederCockpitCompact,Vanilla,C:\Program Files (x86)\Steam\steamapps\common\SpaceEngineers\Content\Data\CubeBlocks\CubeBlocks_GridAIPack.sbc,ScreenArea,CockpitScreen_02,"4","2",256,1024,LongAxis1024
EmotionControllerBlock/EmotionControllerLarge,Vanilla,C:\Program Files (x86)\Steam\steamapps\common\SpaceEngineers\Content\Data\CubeBlocks\CubeBlocks_GridAIPack.sbc,Direct,,"0","0",512,1024,LongAxis1024
EmotionControllerBlock/EmotionControllerLarge,Vanilla,C:\Program Files (x86)\Steam\steamapps\common\SpaceEngineers\Content\Data\CubeBlocks\CubeBlocks_GridAIPack.sbc,ScreenArea,ScreenArea,"1","1",512,1024,LongAxis1024
EmotionControllerBlock/EmotionControllerLarge,Vanilla,C:\Program Files (x86)\Steam\steamapps\common\SpaceEngineers\Content\Data\CubeBlocks\CubeBlocks_GridAIPack.sbc,ScreenArea,CockpitScreen_01,"1","1",512,1024,LongAxis1024
EmotionControllerBlock/EmotionControllerLarge,Vanilla,C:\Program Files (x86)\Steam\steamapps\common\SpaceEngineers\Content\Data\CubeBlocks\CubeBlocks_GridAIPack.sbc,ScreenArea,CockpitScreen_02,"11","4",256,1024,LongAxis1024
EmotionControllerBlock/EmotionControllerSmall,Vanilla,C:\Program Files (x86)\Steam\steamapps\common\SpaceEngineers\Content\Data\CubeBlocks\CubeBlocks_GridAIPack.sbc,Direct,,"0","0",512,1024,LongAxis1024
EmotionControllerBlock/EmotionControllerSmall,Vanilla,C:\Program Files (x86)\Steam\steamapps\common\SpaceEngineers\Content\Data\CubeBlocks\CubeBlocks_GridAIPack.sbc,ScreenArea,ScreenArea,"1","1",256,1024,LongAxis1024
TextPanel/SmallTextPanel,Vanilla,C:\Program Files (x86)\Steam\steamapps\common\SpaceEngineers\Content\Data\CubeBlocks\CubeBlocks_LCDPanels.sbc,ScreenArea,ScreenArea,"1","1",512,1024,LongAxis1024
TextPanel/SmallTextPanel,Vanilla,C:\Program Files (x86)\Steam\steamapps\common\SpaceEngineers\Content\Data\CubeBlocks\CubeBlocks_LCDPanels.sbc,ScreenArea,ScreenArea90,"1","1",512,1024,LongAxis1024
TextPanel/SmallTextPanel,Vanilla,C:\Program Files (x86)\Steam\steamapps\common\SpaceEngineers\Content\Data\CubeBlocks\CubeBlocks_LCDPanels.sbc,ScreenArea,ScreenArea180,"1","1",512,1024,LongAxis1024
TextPanel/SmallTextPanel,Vanilla,C:\Program Files (x86)\Steam\steamapps\common\SpaceEngineers\Content\Data\CubeBlocks\CubeBlocks_LCDPanels.sbc,ScreenArea,ScreenArea270,"1","1",512,1024,LongAxis1024
TextPanel/SmallLCDPanel,Vanilla,C:\Program Files (x86)\Steam\steamapps\common\SpaceEngineers\Content\Data\CubeBlocks\CubeBlocks_LCDPanels.sbc,Direct,,"0","0",512,1024,LongAxis1024
TextPanel/SmallLCDPanel,Vanilla,C:\Program Files (x86)\Steam\steamapps\common\SpaceEngineers\Content\Data\CubeBlocks\CubeBlocks_LCDPanels.sbc,ScreenArea,ScreenArea,"1","1",512,1024,LongAxis1024
TextPanel/SmallLCDPanel,Vanilla,C:\Program Files (x86)\Steam\steamapps\common\SpaceEngineers\Content\Data\CubeBlocks\CubeBlocks_LCDPanels.sbc,ScreenArea,ScreenArea90,"1","1",512,1024,LongAxis1024
TextPanel/SmallLCDPanel,Vanilla,C:\Program Files (x86)\Steam\steamapps\common\SpaceEngineers\Content\Data\CubeBlocks\CubeBlocks_LCDPanels.sbc,ScreenArea,ScreenArea180,"1","1",512,1024,LongAxis1024
TextPanel/SmallLCDPanel,Vanilla,C:\Program Files (x86)\Steam\steamapps\common\SpaceEngineers\Content\Data\CubeBlocks\CubeBlocks_LCDPanels.sbc,ScreenArea,ScreenArea270,"1","1",512,1024,LongAxis1024
TextPanel/LargeBlockCorner_LCD_1,Vanilla,C:\Program Files (x86)\Steam\steamapps\common\SpaceEngineers\Content\Data\CubeBlocks\CubeBlocks_LCDPanels.sbc,Direct,,"7","1",128,147,LongAxis1024
TextPanel/LargeBlockCorner_LCD_1,Vanilla,C:\Program Files (x86)\Steam\steamapps\common\SpaceEngineers\Content\Data\CubeBlocks\CubeBlocks_LCDPanels.sbc,ScreenArea,ScreenArea,"7","1",128,147,LongAxis1024
TextPanel/LargeBlockCorner_LCD_1,Vanilla,C:\Program Files (x86)\Steam\steamapps\common\SpaceEngineers\Content\Data\CubeBlocks\CubeBlocks_LCDPanels.sbc,ScreenArea,ScreenArea90,"1","7",128,147,LongAxis1024
TextPanel/LargeBlockCorner_LCD_1,Vanilla,C:\Program Files (x86)\Steam\steamapps\common\SpaceEngineers\Content\Data\CubeBlocks\CubeBlocks_LCDPanels.sbc,ScreenArea,ScreenArea180,"7","1",128,147,LongAxis1024
TextPanel/LargeBlockCorner_LCD_1,Vanilla,C:\Program Files (x86)\Steam\steamapps\common\SpaceEngineers\Content\Data\CubeBlocks\CubeBlocks_LCDPanels.sbc,ScreenArea,ScreenArea270,"1","7",128,147,LongAxis1024
TextPanel/LargeBlockCorner_LCD_2,Vanilla,C:\Program Files (x86)\Steam\steamapps\common\SpaceEngineers\Content\Data\CubeBlocks\CubeBlocks_LCDPanels.sbc,Direct,,"7","1",128,147,LongAxis1024
TextPanel/LargeBlockCorner_LCD_2,Vanilla,C:\Program Files (x86)\Steam\steamapps\common\SpaceEngineers\Content\Data\CubeBlocks\CubeBlocks_LCDPanels.sbc,ScreenArea,ScreenArea,"7","1",128,147,LongAxis1024
TextPanel/LargeBlockCorner_LCD_2,Vanilla,C:\Program Files (x86)\Steam\steamapps\common\SpaceEngineers\Content\Data\CubeBlocks\CubeBlocks_LCDPanels.sbc,ScreenArea,ScreenArea90,"1","7",128,147,LongAxis1024
TextPanel/LargeBlockCorner_LCD_2,Vanilla,C:\Program Files (x86)\Steam\steamapps\common\SpaceEngineers\Content\Data\CubeBlocks\CubeBlocks_LCDPanels.sbc,ScreenArea,ScreenArea180,"7","1",128,147,LongAxis1024
TextPanel/LargeBlockCorner_LCD_2,Vanilla,C:\Program Files (x86)\Steam\steamapps\common\SpaceEngineers\Content\Data\CubeBlocks\CubeBlocks_LCDPanels.sbc,ScreenArea,ScreenArea270,"1","7",128,147,LongAxis1024
TextPanel/LargeBlockCorner_LCD_Flat_1,Vanilla,C:\Program Files (x86)\Steam\steamapps\common\SpaceEngineers\Content\Data\CubeBlocks\CubeBlocks_LCDPanels.sbc,Direct,,"7","1",128,147,LongAxis1024
TextPanel/LargeBlockCorner_LCD_Flat_1,Vanilla,C:\Program Files (x86)\Steam\steamapps\common\SpaceEngineers\Content\Data\CubeBlocks\CubeBlocks_LCDPanels.sbc,ScreenArea,ScreenArea,"7","1",128,147,LongAxis1024
TextPanel/LargeBlockCorner_LCD_Flat_1,Vanilla,C:\Program Files (x86)\Steam\steamapps\common\SpaceEngineers\Content\Data\CubeBlocks\CubeBlocks_LCDPanels.sbc,ScreenArea,ScreenArea90,"1","7",128,147,LongAxis1024
TextPanel/LargeBlockCorner_LCD_Flat_1,Vanilla,C:\Program Files (x86)\Steam\steamapps\common\SpaceEngineers\Content\Data\CubeBlocks\CubeBlocks_LCDPanels.sbc,ScreenArea,ScreenArea180,"7","1",128,147,LongAxis1024
TextPanel/LargeBlockCorner_LCD_Flat_1,Vanilla,C:\Program Files (x86)\Steam\steamapps\common\SpaceEngineers\Content\Data\CubeBlocks\CubeBlocks_LCDPanels.sbc,ScreenArea,ScreenArea270,"1","7",128,147,LongAxis1024
TextPanel/LargeBlockCorner_LCD_Flat_2,Vanilla,C:\Program Files (x86)\Steam\steamapps\common\SpaceEngineers\Content\Data\CubeBlocks\CubeBlocks_LCDPanels.sbc,Direct,,"7","1",128,147,LongAxis1024
TextPanel/LargeBlockCorner_LCD_Flat_2,Vanilla,C:\Program Files (x86)\Steam\steamapps\common\SpaceEngineers\Content\Data\CubeBlocks\CubeBlocks_LCDPanels.sbc,ScreenArea,ScreenArea,"7","1",128,147,LongAxis1024
TextPanel/LargeBlockCorner_LCD_Flat_2,Vanilla,C:\Program Files (x86)\Steam\steamapps\common\SpaceEngineers\Content\Data\CubeBlocks\CubeBlocks_LCDPanels.sbc,ScreenArea,ScreenArea90,"1","7",128,147,LongAxis1024
TextPanel/LargeBlockCorner_LCD_Flat_2,Vanilla,C:\Program Files (x86)\Steam\steamapps\common\SpaceEngineers\Content\Data\CubeBlocks\CubeBlocks_LCDPanels.sbc,ScreenArea,ScreenArea180,"7","1",128,147,LongAxis1024
TextPanel/LargeBlockCorner_LCD_Flat_2,Vanilla,C:\Program Files (x86)\Steam\steamapps\common\SpaceEngineers\Content\Data\CubeBlocks\CubeBlocks_LCDPanels.sbc,ScreenArea,ScreenArea270,"1","7",128,147,LongAxis1024
TextPanel/SmallBlockCorner_LCD_1,Vanilla,C:\Program Files (x86)\Steam\steamapps\common\SpaceEngineers\Content\Data\CubeBlocks\CubeBlocks_LCDPanels.sbc,Direct,,"22","7",256,47,LongAxis1024
TextPanel/SmallBlockCorner_LCD_1,Vanilla,C:\Program Files (x86)\Steam\steamapps\common\SpaceEngineers\Content\Data\CubeBlocks\CubeBlocks_LCDPanels.sbc,ScreenArea,ScreenArea,"22","7",256,47,LongAxis1024
TextPanel/SmallBlockCorner_LCD_1,Vanilla,C:\Program Files (x86)\Steam\steamapps\common\SpaceEngineers\Content\Data\CubeBlocks\CubeBlocks_LCDPanels.sbc,ScreenArea,ScreenArea90,"7","22",256,47,LongAxis1024
TextPanel/SmallBlockCorner_LCD_1,Vanilla,C:\Program Files (x86)\Steam\steamapps\common\SpaceEngineers\Content\Data\CubeBlocks\CubeBlocks_LCDPanels.sbc,ScreenArea,ScreenArea180,"22","7",256,47,LongAxis1024
TextPanel/SmallBlockCorner_LCD_1,Vanilla,C:\Program Files (x86)\Steam\steamapps\common\SpaceEngineers\Content\Data\CubeBlocks\CubeBlocks_LCDPanels.sbc,ScreenArea,ScreenArea270,"7","22",256,47,LongAxis1024
TextPanel/SmallBlockCorner_LCD_2,Vanilla,C:\Program Files (x86)\Steam\steamapps\common\SpaceEngineers\Content\Data\CubeBlocks\CubeBlocks_LCDPanels.sbc,Direct,,"22","7",256,47,LongAxis1024
TextPanel/SmallBlockCorner_LCD_2,Vanilla,C:\Program Files (x86)\Steam\steamapps\common\SpaceEngineers\Content\Data\CubeBlocks\CubeBlocks_LCDPanels.sbc,ScreenArea,ScreenArea,"22","7",256,47,LongAxis1024
TextPanel/SmallBlockCorner_LCD_2,Vanilla,C:\Program Files (x86)\Steam\steamapps\common\SpaceEngineers\Content\Data\CubeBlocks\CubeBlocks_LCDPanels.sbc,ScreenArea,ScreenArea90,"7","22",256,47,LongAxis1024
TextPanel/SmallBlockCorner_LCD_2,Vanilla,C:\Program Files (x86)\Steam\steamapps\common\SpaceEngineers\Content\Data\CubeBlocks\CubeBlocks_LCDPanels.sbc,ScreenArea,ScreenArea180,"22","7",256,47,LongAxis1024
TextPanel/SmallBlockCorner_LCD_2,Vanilla,C:\Program Files (x86)\Steam\steamapps\common\SpaceEngineers\Content\Data\CubeBlocks\CubeBlocks_LCDPanels.sbc,ScreenArea,ScreenArea270,"7","22",256,47,LongAxis1024
TextPanel/SmallBlockCorner_LCD_Flat_1,Vanilla,C:\Program Files (x86)\Steam\steamapps\common\SpaceEngineers\Content\Data\CubeBlocks\CubeBlocks_LCDPanels.sbc,Direct,,"25","10",256,41,LongAxis1024
TextPanel/SmallBlockCorner_LCD_Flat_1,Vanilla,C:\Program Files (x86)\Steam\steamapps\common\SpaceEngineers\Content\Data\CubeBlocks\CubeBlocks_LCDPanels.sbc,ScreenArea,ScreenArea,"25","10",256,41,LongAxis1024
TextPanel/SmallBlockCorner_LCD_Flat_1,Vanilla,C:\Program Files (x86)\Steam\steamapps\common\SpaceEngineers\Content\Data\CubeBlocks\CubeBlocks_LCDPanels.sbc,ScreenArea,ScreenArea90,"10","25",256,41,LongAxis1024
TextPanel/SmallBlockCorner_LCD_Flat_1,Vanilla,C:\Program Files (x86)\Steam\steamapps\common\SpaceEngineers\Content\Data\CubeBlocks\CubeBlocks_LCDPanels.sbc,ScreenArea,ScreenArea180,"25","10",256,41,LongAxis1024
TextPanel/SmallBlockCorner_LCD_Flat_1,Vanilla,C:\Program Files (x86)\Steam\steamapps\common\SpaceEngineers\Content\Data\CubeBlocks\CubeBlocks_LCDPanels.sbc,ScreenArea,ScreenArea270,"10","25",256,41,LongAxis1024
TextPanel/SmallBlockCorner_LCD_Flat_2,Vanilla,C:\Program Files (x86)\Steam\steamapps\common\SpaceEngineers\Content\Data\CubeBlocks\CubeBlocks_LCDPanels.sbc,Direct,,"25","10",256,41,LongAxis1024
TextPanel/SmallBlockCorner_LCD_Flat_2,Vanilla,C:\Program Files (x86)\Steam\steamapps\common\SpaceEngineers\Content\Data\CubeBlocks\CubeBlocks_LCDPanels.sbc,ScreenArea,ScreenArea,"25","10",256,41,LongAxis1024
TextPanel/SmallBlockCorner_LCD_Flat_2,Vanilla,C:\Program Files (x86)\Steam\steamapps\common\SpaceEngineers\Content\Data\CubeBlocks\CubeBlocks_LCDPanels.sbc,ScreenArea,ScreenArea90,"10","25",256,41,LongAxis1024
TextPanel/SmallBlockCorner_LCD_Flat_2,Vanilla,C:\Program Files (x86)\Steam\steamapps\common\SpaceEngineers\Content\Data\CubeBlocks\CubeBlocks_LCDPanels.sbc,ScreenArea,ScreenArea180,"25","10",256,41,LongAxis1024
TextPanel/SmallBlockCorner_LCD_Flat_2,Vanilla,C:\Program Files (x86)\Steam\steamapps\common\SpaceEngineers\Content\Data\CubeBlocks\CubeBlocks_LCDPanels.sbc,ScreenArea,ScreenArea270,"10","25",256,41,LongAxis1024
TextPanel/LargeTextPanel,Vanilla,C:\Program Files (x86)\Steam\steamapps\common\SpaceEngineers\Content\Data\CubeBlocks\CubeBlocks_LCDPanels.sbc,ScreenArea,ScreenArea,"5","3",512,205,LongAxis1024
TextPanel/LargeTextPanel,Vanilla,C:\Program Files (x86)\Steam\steamapps\common\SpaceEngineers\Content\Data\CubeBlocks\CubeBlocks_LCDPanels.sbc,ScreenArea,ScreenArea90,"3","5",512,205,LongAxis1024
TextPanel/LargeTextPanel,Vanilla,C:\Program Files (x86)\Steam\steamapps\common\SpaceEngineers\Content\Data\CubeBlocks\CubeBlocks_LCDPanels.sbc,ScreenArea,ScreenArea180,"5","3",512,205,LongAxis1024
TextPanel/LargeTextPanel,Vanilla,C:\Program Files (x86)\Steam\steamapps\common\SpaceEngineers\Content\Data\CubeBlocks\CubeBlocks_LCDPanels.sbc,ScreenArea,ScreenArea270,"3","5",512,205,LongAxis1024
TextPanel/LargeLCDPanel,Vanilla,C:\Program Files (x86)\Steam\steamapps\common\SpaceEngineers\Content\Data\CubeBlocks\CubeBlocks_LCDPanels.sbc,Direct,,"0","0",512,1024,LongAxis1024
TextPanel/LargeLCDPanel,Vanilla,C:\Program Files (x86)\Steam\steamapps\common\SpaceEngineers\Content\Data\CubeBlocks\CubeBlocks_LCDPanels.sbc,ScreenArea,ScreenArea,"1","1",512,1024,LongAxis1024
TextPanel/LargeLCDPanel,Vanilla,C:\Program Files (x86)\Steam\steamapps\common\SpaceEngineers\Content\Data\CubeBlocks\CubeBlocks_LCDPanels.sbc,ScreenArea,ScreenArea90,"1","1",512,1024,LongAxis1024
TextPanel/LargeLCDPanel,Vanilla,C:\Program Files (x86)\Steam\steamapps\common\SpaceEngineers\Content\Data\CubeBlocks\CubeBlocks_LCDPanels.sbc,ScreenArea,ScreenArea180,"1","1",512,1024,LongAxis1024
TextPanel/LargeLCDPanel,Vanilla,C:\Program Files (x86)\Steam\steamapps\common\SpaceEngineers\Content\Data\CubeBlocks\CubeBlocks_LCDPanels.sbc,ScreenArea,ScreenArea270,"1","1",512,1024,LongAxis1024
MedicalRoom/LargeMedicalRoom,Vanilla,C:\Program Files (x86)\Steam\steamapps\common\SpaceEngineers\Content\Data\CubeBlocks\CubeBlocks_Medical.sbc,ScreenArea,CockpitScreen_01,"15","9",512,1024,LongAxis1024
MedicalRoom/LargeMedicalRoom,Vanilla,C:\Program Files (x86)\Steam\steamapps\common\SpaceEngineers\Content\Data\CubeBlocks\CubeBlocks_Medical.sbc,ScreenArea,CockpitScreen_02,"11","4",128,1024,LongAxis1024
SurvivalKit/SurvivalKitLarge,Vanilla,C:\Program Files (x86)\Steam\steamapps\common\SpaceEngineers\Content\Data\CubeBlocks\CubeBlocks_Production.sbc,ScreenArea,CockpitScreen_01,"5","3",512,1024,LongAxis1024
SurvivalKit/SurvivalKitLarge,Vanilla,C:\Program Files (x86)\Steam\steamapps\common\SpaceEngineers\Content\Data\CubeBlocks\CubeBlocks_Production.sbc,ScreenArea,CockpitScreen_02,"11","4",128,1024,LongAxis1024
SurvivalKit/SurvivalKit,Vanilla,C:\Program Files (x86)\Steam\steamapps\common\SpaceEngineers\Content\Data\CubeBlocks\CubeBlocks_Production.sbc,ScreenArea,CockpitScreen_01,"5","3",512,1024,LongAxis1024
SurvivalKit/SurvivalKit,Vanilla,C:\Program Files (x86)\Steam\steamapps\common\SpaceEngineers\Content\Data\CubeBlocks\CubeBlocks_Production.sbc,ScreenArea,CockpitScreen_02,"11","4",128,1024,LongAxis1024
Assembler/FoodProcessor,Vanilla,C:\Program Files (x86)\Steam\steamapps\common\SpaceEngineers\Content\Data\CubeBlocks\CubeBlocks_Production.sbc,ScreenArea,CockpitScreen_01,"7","6",256,1024,LongAxis1024
Cockpit/BuggyCockpit,Vanilla,C:\Program Files (x86)\Steam\steamapps\common\SpaceEngineers\Content\Data\CubeBlocks\CubeBlocks_ScrapRacePack.sbc,ScreenArea,CockpitScreen_01,"5","3",256,1024,LongAxis1024
Cockpit/BuggyCockpit,Vanilla,C:\Program Files (x86)\Steam\steamapps\common\SpaceEngineers\Content\Data\CubeBlocks\CubeBlocks_ScrapRacePack.sbc,ScreenArea,CockpitScreen_02,"5","3",256,1024,LongAxis1024
Cockpit/BuggyCockpit,Vanilla,C:\Program Files (x86)\Steam\steamapps\common\SpaceEngineers\Content\Data\CubeBlocks\CubeBlocks_ScrapRacePack.sbc,ScreenArea,CockpitScreen_03,"5","3",256,1024,LongAxis1024
Cockpit/LargeBlockConsoleModuleScreens,Vanilla,C:\Program Files (x86)\Steam\steamapps\common\SpaceEngineers\Content\Data\CubeBlocks\CubeBlocks_SignalsPack.sbc,ScreenArea,CockpitScreen_01,"3","2",256,1024,LongAxis1024
Cockpit/LargeBlockConsoleModuleScreens,Vanilla,C:\Program Files (x86)\Steam\steamapps\common\SpaceEngineers\Content\Data\CubeBlocks\CubeBlocks_SignalsPack.sbc,ScreenArea,CockpitScreen_02,"3","2",256,1024,LongAxis1024
Cockpit/LargeBlockConsoleModuleScreens,Vanilla,C:\Program Files (x86)\Steam\steamapps\common\SpaceEngineers\Content\Data\CubeBlocks\CubeBlocks_SignalsPack.sbc,ScreenArea,CockpitScreen_03,"3","2",256,1024,LongAxis1024
ButtonPanel/LargeBlockConsoleModuleButtons,Vanilla,C:\Program Files (x86)\Steam\steamapps\common\SpaceEngineers\Content\Data\CubeBlocks\CubeBlocks_SignalsPack.sbc,ScreenArea,CockpitScreen_01,"9","4",256,1024,LongAxis1024
TextPanel/SmallBlockConsoleModuleScreens,Vanilla,C:\Program Files (x86)\Steam\steamapps\common\SpaceEngineers\Content\Data\CubeBlocks\CubeBlocks_SignalsPack.sbc,ScreenArea,ScreenArea,"10","6",256,103,LongAxis1024
TextPanel/SmallBlockConsoleModuleScreens,Vanilla,C:\Program Files (x86)\Steam\steamapps\common\SpaceEngineers\Content\Data\CubeBlocks\CubeBlocks_SignalsPack.sbc,ScreenArea,ScreenArea90,"10","6",256,103,LongAxis1024
TextPanel/SmallBlockConsoleModuleScreens,Vanilla,C:\Program Files (x86)\Steam\steamapps\common\SpaceEngineers\Content\Data\CubeBlocks\CubeBlocks_SignalsPack.sbc,ScreenArea,ScreenArea180,"10","6",256,103,LongAxis1024
TextPanel/SmallBlockConsoleModuleScreens,Vanilla,C:\Program Files (x86)\Steam\steamapps\common\SpaceEngineers\Content\Data\CubeBlocks\CubeBlocks_SignalsPack.sbc,ScreenArea,ScreenArea270,"10","6",256,103,LongAxis1024
TextPanel/LargeLCDPanel5x5,Vanilla,C:\Program Files (x86)\Steam\steamapps\common\SpaceEngineers\Content\Data\CubeBlocks\CubeBlocks_SparksOfTheFuturePack.sbc,Direct,,"0","0",512,1024,LongAxis1024
TextPanel/LargeLCDPanel5x5,Vanilla,C:\Program Files (x86)\Steam\steamapps\common\SpaceEngineers\Content\Data\CubeBlocks\CubeBlocks_SparksOfTheFuturePack.sbc,ScreenArea,ScreenArea,"5","5",512,205,LongAxis1024
TextPanel/LargeLCDPanel5x5,Vanilla,C:\Program Files (x86)\Steam\steamapps\common\SpaceEngineers\Content\Data\CubeBlocks\CubeBlocks_SparksOfTheFuturePack.sbc,ScreenArea,ScreenArea90,"5","5",512,205,LongAxis1024
TextPanel/LargeLCDPanel5x5,Vanilla,C:\Program Files (x86)\Steam\steamapps\common\SpaceEngineers\Content\Data\CubeBlocks\CubeBlocks_SparksOfTheFuturePack.sbc,ScreenArea,ScreenArea180,"5","5",512,205,LongAxis1024
TextPanel/LargeLCDPanel5x5,Vanilla,C:\Program Files (x86)\Steam\steamapps\common\SpaceEngineers\Content\Data\CubeBlocks\CubeBlocks_SparksOfTheFuturePack.sbc,ScreenArea,ScreenArea270,"5","5",512,205,LongAxis1024
TextPanel/LargeLCDPanel5x3,Vanilla,C:\Program Files (x86)\Steam\steamapps\common\SpaceEngineers\Content\Data\CubeBlocks\CubeBlocks_SparksOfTheFuturePack.sbc,Direct,,"0","0",512,1024,LongAxis1024
TextPanel/LargeLCDPanel5x3,Vanilla,C:\Program Files (x86)\Steam\steamapps\common\SpaceEngineers\Content\Data\CubeBlocks\CubeBlocks_SparksOfTheFuturePack.sbc,ScreenArea,ScreenArea,"5","3",512,205,LongAxis1024
TextPanel/LargeLCDPanel5x3,Vanilla,C:\Program Files (x86)\Steam\steamapps\common\SpaceEngineers\Content\Data\CubeBlocks\CubeBlocks_SparksOfTheFuturePack.sbc,ScreenArea,ScreenArea90,"3","5",512,205,LongAxis1024
TextPanel/LargeLCDPanel5x3,Vanilla,C:\Program Files (x86)\Steam\steamapps\common\SpaceEngineers\Content\Data\CubeBlocks\CubeBlocks_SparksOfTheFuturePack.sbc,ScreenArea,ScreenArea180,"5","3",512,205,LongAxis1024
TextPanel/LargeLCDPanel5x3,Vanilla,C:\Program Files (x86)\Steam\steamapps\common\SpaceEngineers\Content\Data\CubeBlocks\CubeBlocks_SparksOfTheFuturePack.sbc,ScreenArea,ScreenArea270,"3","5",512,205,LongAxis1024
TextPanel/LargeLCDPanel3x3,Vanilla,C:\Program Files (x86)\Steam\steamapps\common\SpaceEngineers\Content\Data\CubeBlocks\CubeBlocks_SparksOfTheFuturePack.sbc,Direct,,"0","0",512,1024,LongAxis1024
TextPanel/LargeLCDPanel3x3,Vanilla,C:\Program Files (x86)\Steam\steamapps\common\SpaceEngineers\Content\Data\CubeBlocks\CubeBlocks_SparksOfTheFuturePack.sbc,ScreenArea,ScreenArea,"3","3",512,342,LongAxis1024
TextPanel/LargeLCDPanel3x3,Vanilla,C:\Program Files (x86)\Steam\steamapps\common\SpaceEngineers\Content\Data\CubeBlocks\CubeBlocks_SparksOfTheFuturePack.sbc,ScreenArea,ScreenArea90,"3","3",512,342,LongAxis1024
TextPanel/LargeLCDPanel3x3,Vanilla,C:\Program Files (x86)\Steam\steamapps\common\SpaceEngineers\Content\Data\CubeBlocks\CubeBlocks_SparksOfTheFuturePack.sbc,ScreenArea,ScreenArea180,"3","3",512,342,LongAxis1024
TextPanel/LargeLCDPanel3x3,Vanilla,C:\Program Files (x86)\Steam\steamapps\common\SpaceEngineers\Content\Data\CubeBlocks\CubeBlocks_SparksOfTheFuturePack.sbc,ScreenArea,ScreenArea270,"3","3",512,342,LongAxis1024
ButtonPanel/LargeSciFiButtonTerminal,Vanilla,C:\Program Files (x86)\Steam\steamapps\common\SpaceEngineers\Content\Data\CubeBlocks\CubeBlocks_SparksOfTheFuturePack.sbc,ScreenArea,CockpitScreen_01,"4","3",256,1024,LongAxis1024
ButtonPanel/LargeSciFiButtonPanel,Vanilla,C:\Program Files (x86)\Steam\steamapps\common\SpaceEngineers\Content\Data\CubeBlocks\CubeBlocks_SparksOfTheFuturePack.sbc,ScreenArea,CockpitScreen_01,"3","2",128,1024,LongAxis1024
ButtonPanel/LargeSciFiButtonPanel,Vanilla,C:\Program Files (x86)\Steam\steamapps\common\SpaceEngineers\Content\Data\CubeBlocks\CubeBlocks_SparksOfTheFuturePack.sbc,ScreenArea,CockpitScreen_02,"3","2",128,1024,LongAxis1024
ButtonPanel/LargeSciFiButtonPanel,Vanilla,C:\Program Files (x86)\Steam\steamapps\common\SpaceEngineers\Content\Data\CubeBlocks\CubeBlocks_SparksOfTheFuturePack.sbc,ScreenArea,CockpitScreen_03,"3","2",128,1024,LongAxis1024
ButtonPanel/LargeSciFiButtonPanel,Vanilla,C:\Program Files (x86)\Steam\steamapps\common\SpaceEngineers\Content\Data\CubeBlocks\CubeBlocks_SparksOfTheFuturePack.sbc,ScreenArea,CockpitScreen_04,"3","2",128,1024,LongAxis1024
MedicalRoom/InsetRefillStation,Vanilla,C:\Program Files (x86)\Steam\steamapps\common\SpaceEngineers\Content\Data\CubeBlocks\CubeBlocks_Utility.sbc,ScreenArea,CockpitScreen_01,"16","11",512,1024,LongAxis1024
MedicalRoom/LargeRefillStation,Vanilla,C:\Program Files (x86)\Steam\steamapps\common\SpaceEngineers\Content\Data\CubeBlocks\CubeBlocks_Utility.sbc,ScreenArea,CockpitScreen_01,"16","11",512,1024,LongAxis1024
MedicalRoom/SmallRefillStation,Vanilla,C:\Program Files (x86)\Steam\steamapps\common\SpaceEngineers\Content\Data\CubeBlocks\CubeBlocks_Utility.sbc,ScreenArea,CockpitScreen_01,"16","11",512,1024,LongAxis1024
Cockpit/SmallBlockStandingCockpit,Vanilla,C:\Program Files (x86)\Steam\steamapps\common\SpaceEngineers\Content\Data\CubeBlocks\CubeBlocks_Warfare2.sbc,ScreenArea,CockpitScreen_01,"3","1",512,1024,LongAxis1024
Cockpit/SmallBlockStandingCockpit,Vanilla,C:\Program Files (x86)\Steam\steamapps\common\SpaceEngineers\Content\Data\CubeBlocks\CubeBlocks_Warfare2.sbc,ScreenArea,CockpitScreen_02,"5","2",512,1024,LongAxis1024
Cockpit/SmallBlockStandingCockpit,Vanilla,C:\Program Files (x86)\Steam\steamapps\common\SpaceEngineers\Content\Data\CubeBlocks\CubeBlocks_Warfare2.sbc,ScreenArea,TransparentScreenArea,"2","1",512,1024,LongAxis1024
Cockpit/LargeBlockStandingCockpit,Vanilla,C:\Program Files (x86)\Steam\steamapps\common\SpaceEngineers\Content\Data\CubeBlocks\CubeBlocks_Warfare2.sbc,ScreenArea,CockpitScreen_01,"3","1",512,1024,LongAxis1024
Cockpit/LargeBlockStandingCockpit,Vanilla,C:\Program Files (x86)\Steam\steamapps\common\SpaceEngineers\Content\Data\CubeBlocks\CubeBlocks_Warfare2.sbc,ScreenArea,CockpitScreen_02,"5","2",512,1024,LongAxis1024
Cockpit/LargeBlockStandingCockpit,Vanilla,C:\Program Files (x86)\Steam\steamapps\common\SpaceEngineers\Content\Data\CubeBlocks\CubeBlocks_Warfare2.sbc,ScreenArea,TransparentScreenArea,"2","1",512,1024,LongAxis1024
